product_id,category,subcategory,product_name,brand,audience,price_eur,price_type,unit,pack_qty,bundle_offer,sizes,colors,season_hint,posts_count,source_url
P001,Casa e arredo,Scarpiere,Scarpiera in legno a 6 ripiani,,casa,"€ 9,99",esatto,pezzo,1,,,,tutto l'anno,2,https://web.facebook.com/reel/1595957828671053/
P002,Intimo donna,Body,Body sottogiacca LoveandBra,LoveandBra,donna,"€ 10,90",esatto,pezzo,1,,dalla S alla XL,nero,tutto l'anno,1,https://web.facebook.com/reel/1023934850703152/
P003,Calze e calzini,Calze,Calze ricamate donna,,donna,"€ 1,99",esatto,pezzo,1,,Taglia Unica,"nero, marrone, bordeaux",tutto l'anno,1,https://web.facebook.com/reel/1094741673136864/
P004,Biancheria letto,Lenzuola,"Lenzuola singole Disney in cotone, vari personaggi",,bimbi,"€ 14,99",esatto,set,1,"sotto, sopra e federa",,,tutto l'anno,1,https://web.facebook.com/reel/1519809063501860/
P005,Bagno,Tappeti bagno,"Tappeti da bagno, tanti modelli",,casa,"€ 3,50",da,pezzo,1,,,,tutto l'anno,1,https://web.facebook.com/reel/1093022117033859/
P006,Casa e arredo,Tappeti a metraggio,Tappeti a metraggio,,casa,"€ 4,99",esatto,metro,1,,,,tutto l'anno,1,https://web.facebook.com/reel/1758751895270979/
P007,Abbigliamento bimbi,Intimo bimba,"Completo cotone bimba: sottodonna, brassiere e slip",,bimbi,"€ 5,99",esatto,set,1,,,vari colori,tutto l'anno,1,https://web.facebook.com/reel/2972036753128807/
P008,Calzature,Pantofole,Pantofole uomo e donna Francy Home,Francy Home,uomo e donna,"€ 5,99",esatto,paio,1,,,,tutto l'anno,1,https://web.facebook.com/reel/1065361296324070/
P009,Calzature,Pantofole,Pantofole donna Sommaruga,Sommaruga,donna,"€ 4,99",esatto,paio,1,,,,tutto l'anno,1,https://web.facebook.com/reel/1065361296324070/
P010,Pigiami e notte,Pigiami,Pigiami uomo e donna in caldo cotone LoveandBra,LoveandBra,uomo e donna,"€ 14,99",da,pezzo,1,,,,inverno,1,https://web.facebook.com/reel/1076621965287600/
P011,Casa e arredo,Portabiancheria,Portabiancheria (3 pezzi),,casa,"€ 9,99",esatto,set,3,,,vari colori,tutto l'anno,1,https://web.facebook.com/reel/2839878209731817/
P012,Bagno,Accappatoi,Accappatoio uomo/donna in spugna,,uomo e donna,"€ 4,99",esatto,pezzo,1,,dalla M alla 2XL,,tutto l'anno,1,https://web.facebook.com/reel/2152543925618124/
P013,Casa e arredo,Tappeti,Tappeto sardo 50x80 cm,,casa,"€ 3,50",esatto,pezzo,1,"3 tappeti 9,99 €",,,tutto l'anno,1,https://web.facebook.com/reel/1115360117496732/
P014,Abbigliamento donna,Jeans,Jeans donna a zampa elasticizzati,,donna,"€ 9,99",esatto,pezzo,1,,dalla 44 alla 54,,tutto l'anno,1,https://web.facebook.com/reel/28471696209188620/
P015,Abbigliamento donna,Pantaloni,Pantaloni ballon donna elasticizzati,,donna,"€ 9,99",esatto,pezzo,1,,S/M-L/XL,,tutto l'anno,2,https://web.facebook.com/reel/28471696209188620/
P016,Biancheria letto,Trapunte,Trapunta Melek Velvet digitale,Melek,casa,"€ 39,99",esatto,pezzo,1,,,vari colori,inverno,1,https://web.facebook.com/reel/1229208690285451/
P017,Biancheria letto,Lenzuola,Lenzuola Melek Velvet digitali (abbinate alla trapunta),Melek,casa,"€ 17,99",esatto,set,1,,,vari colori,inverno,1,https://web.facebook.com/reel/1229208690285451/
P018,Biancheria letto,Trapunte,Trapunta Regina con bordo a balze e fiocchi,,casa,"€ 34,99",esatto,pezzo,1,"3 trapunte 99,99 €",,"beige, tortora, panna, tiffany, biscotto",inverno,1,https://web.facebook.com/reel/2173308216954760/
P019,Biancheria letto,Coperte,Coperta King Size 250x250 cm,,casa,"€ 19,99",esatto,pezzo,1,,,vari colori,inverno,1,https://web.facebook.com/reel/2318583545611616/
P020,Biancheria letto,Copritestata,Copritestata matrimoniale Irge colore su colore,Irge,casa,"€ 9,99",esatto,pezzo,1,,,,tutto l'anno,1,https://web.facebook.com/reel/2960901234261943/
P021,Biancheria letto,Copritestata,Copritestata matrimoniale linea economica,,casa,"€ 5,99",esatto,pezzo,1,,,,tutto l'anno,1,https://web.facebook.com/reel/2960901234261943/
P022,Abbigliamento uomo,Pantaloni tuta,"Pantaloni tuta uomo, fondo largo o con elastico",,uomo,,non indicato,pezzo,1,,,,tutto l'anno,1,https://web.facebook.com/reel/1007759772335765/
P023,Intimo donna,Reggiseni,"Reggiseno Selene coppa preformata senza ferretto, fascia larga",Selene,donna,"€ 14,99",esatto,pezzo,1,,,,tutto l'anno,1,https://web.facebook.com/reel/2594576754382422/
P024,Biancheria letto,Plaid,Plaid matrimoniale con borsa,,casa,"€ 9,99",esatto,pezzo,1,,,,inverno,1,https://web.facebook.com/reel/4329121704067585/
P025,Biancheria letto,Plaid,Plaid singolo,,casa,"€ 3,50",esatto,pezzo,1,,,,inverno,1,https://web.facebook.com/reel/4329121704067585/
P026,Sport e tute,Reggiseni sportivi,Reggiseni sportivi (3 pezzi),,donna,"€ 9,99",esatto,set,3,,,,tutto l'anno,1,https://web.facebook.com/reel/1071466605858490/
P027,Sport e tute,Leggings,Leggings fitness,,donna,"€ 3,99",esatto,pezzo,1,,,,tutto l'anno,2,https://web.facebook.com/reel/1071466605858490/
P028,Intimo uomo,Completi intimi,Completo intimo uomo Navigare con slip o boxer,Navigare,uomo,"€ 9,99",esatto,set,1,,dalla M alla XXL,,tutto l'anno,1,https://web.facebook.com/reel/954411830403079/
P029,Calze e calzini,Calzini,Calzini antiscivolo a scarpetta,,uomo e donna,"€ 1,50",esatto,paio,1,,,vari colori,tutto l'anno,1,https://web.facebook.com/reel/1125034536871136/
P030,Calze e calzini,Calzini,Calzini antiscivolo uomo e donna,,uomo e donna,"€ 0,99",esatto,paio,1,,,,tutto l'anno,1,https://web.facebook.com/reel/1125034536871136/
P031,Calze e calzini,Calzini,Calzini tennis in cotone uomo e donna (3 paia),,uomo e donna,"€ 2,99",esatto,set,3,,,,tutto l'anno,1,https://web.facebook.com/reel/1125034536871136/
P032,Intimo donna,Completi intimi,Completo intimo donna: coppa preformata con ferretto e slip,,donna,"€ 4,99",esatto,set,1,,,,tutto l'anno,1,https://web.facebook.com/reel/2060320098704014/
P033,Intimo donna,Completi intimi,Completo intimo Love coppa C con brasiliano o slip,,donna,"€ 11,90",esatto,set,1,,,,tutto l'anno,1,https://web.facebook.com/reel/2060320098704014/
P034,Biancheria letto,Trapunte,"Trapunte invernali, vari colori e fantasie",,casa,,non indicato,pezzo,1,,,vari colori,inverno,1,https://web.facebook.com/reel/2038916216751930/
P035,Bagno,Accappatoi,Accappatoio Gabel 100% cotone,Gabel,uomo e donna,,non indicato,pezzo,1,,dalla S alla 3XL,vari colori,tutto l'anno,1,https://web.facebook.com/reel/2483945772096627/
P036,Neonato,Accappatoi neonato,Accappatoio neonato/a (3 pezzi),,neonato,"€ 6,90",esatto,set,3,,,,tutto l'anno,1,https://web.facebook.com/reel/1506588297901538/
P037,Neonato,Tutine e coperte,Tutine e copertine neonato,,neonato,,non indicato,pezzo,1,,,,inverno,1,https://web.facebook.com/reel/1506588297901538/
P038,Sport e tute,Tute,Tuta donna fitness,,donna,,non indicato,pezzo,1,,,vari colori,tutto l'anno,1,https://web.facebook.com/reel/26845708085127375/
P039,Sport e tute,Pantaloncini,Pantaloncini elastici fitness,,donna,"€ 2,99",esatto,pezzo,1,,S/M-L/XL,vari colori,estate,1,https://web.facebook.com/reel/1370031118449397/
P040,Abbigliamento bimbi,Maglie e canotte,"Canotte e maglie mezza manica bimbo/a Nazareno Gabrielli, 100% cotone",Nazareno Gabrielli,bimbi,"€ 1,99",esatto,pezzo,1,,da 2/3 Anni a 15/16 anni,,estate,1,https://web.facebook.com/reel/1743629040014220/
P041,Intimo donna,Slip,Slip Jadea donna,Jadea,donna,,non indicato,pezzo,1,,,,tutto l'anno,1,https://web.facebook.com/reel/1067024832849441/
P042,Pigiami e notte,Pigiami,"Pigiama donna in tessuto modal, manica lunga",,donna,"€ 9,99",esatto,pezzo,1,,dalla S alla 2XL,,inverno,1,https://web.facebook.com/reel/2965032480549767/
P043,Bagno,Asciugamani,"Coppie asciugamani Marta Marzotto 100% cotone, 3 viso + 3 ospiti tinta unita",Marta Marzotto,casa,"€ 9,99",esatto,set,6,,,,tutto l'anno,1,https://web.facebook.com/reel/938778122085069/
P044,Bagno,Asciugamani,"Coppie asciugamani Marta Marzotto ricamate, 3 viso + 3 ospiti",Marta Marzotto,casa,"€ 14,99",esatto,set,6,,,,tutto l'anno,1,https://web.facebook.com/reel/938778122085069/
P045,Intimo donna,Reggiseni,Reggiseni a fascia senza ferretto,,donna,"€ 2,99",esatto,pezzo,1,,dalla 2 alla 6,,tutto l'anno,1,https://web.facebook.com/reel/928909466471042/
P046,Intimo donna,Reggiseni,"Reggiseni senza coppa, taglie forti (dalla 5D alla 10D)",,donna,"€ 4,99",esatto,pezzo,1,,dalla 5 D alla 10 D,,tutto l'anno,1,https://web.facebook.com/reel/928909466471042/
P047,Sport e tute,Teli fitness,Teli fitness Sommaruga,Sommaruga,uomo e donna,"€ 3,50",esatto,pezzo,1,,,"nero, blu, avion",tutto l'anno,1,https://web.facebook.com/reel/1610951027401695/
P048,Neonato,Tutine e coperte,"Plaid, coperte in ciniglia, tutine e trapunte neonato",,neonato,,non indicato,pezzo,1,,,,inverno,1,https://web.facebook.com/reel/1007168162348220/
P049,Neonato,Tutine e giochi,Tutine e carillon neonato (linea Neolandia),,neonato,,non indicato,pezzo,1,,,,tutto l'anno,1,https://web.facebook.com/reel/28583717031265563/
P050,Casa e arredo,Tappeti a metraggio,"Tappeti a metraggio gommati e in tessuto, 3 metri",,casa,"€ 9,99",esatto,metro,3,,,,tutto l'anno,1,https://web.facebook.com/reel/1620643076105577/
P051,Abbigliamento uomo,T-shirt,T-shirt uomo Navigare cotone premium,Navigare,uomo,"€ 4,50",esatto,pezzo,1,,,,tutto l'anno,1,https://web.facebook.com/reel/1618174353008727/
P052,Neonato,Accessori,"Catenina, porta ciuccio e dou dou",,neonato,"€ 4,99",esatto,pezzo,1,,,,tutto l'anno,1,https://web.facebook.com/reel/1390319805856651/
P053,Pigiami e notte,Pigiami,Pigiami uomo e donna manica lunga 100% cotone,,uomo e donna,,non indicato,pezzo,1,,,,inverno,1,https://web.facebook.com/reel/2578510705906092/
P054,Biancheria letto,Trapunte,Trapuntino matrimoniale double face,,casa,"€ 14,99",esatto,pezzo,1,,,,inverno,1,https://web.facebook.com/reel/1630036811807031/
P055,Cucina e tavola,Strofinacci,Strofinacci 100% cotone (4 pezzi),,casa,"€ 2,99",esatto,set,4,,,,tutto l'anno,1,https://web.facebook.com/reel/4457636404454259/
P056,Cucina e tavola,Strofinacci,Strofinacci in spugna (5 pezzi),,casa,"€ 2,99",esatto,set,5,,,,tutto l'anno,1,https://web.facebook.com/reel/4457636404454259/
P057,Biancheria letto,Lenzuola,Sottolenzuolo singolo,,casa,"€ 2,99",esatto,pezzo,1,,,,tutto l'anno,1,https://web.facebook.com/reel/28407425118919719/
P058,Biancheria letto,Lenzuola,Sottolenzuolo matrimoniale,,casa,"€ 4,99",esatto,pezzo,1,,,,tutto l'anno,1,https://web.facebook.com/reel/28407425118919719/
P059,Casa e arredo,Tappeti,Tappeti da scalino/passatoia a misura (fino a 340 cm),,casa,"€ 0,99",da,pezzo,1,,,,tutto l'anno,1,https://web.facebook.com/reel/1105092398868803/
P060,Abbigliamento donna,Camici,Camici donna con zip Supreme,,donna,"€ 2,99",esatto,pezzo,1,,dalla M alla 2XL,,tutto l'anno,1,https://web.facebook.com/reel/1062424203205082/
P061,Cucina e tavola,Tovaglie,Tovaglie no stiro x6 e x12,,casa,,non indicato,pezzo,1,,,,tutto l'anno,1,https://web.facebook.com/reel/2176471783267955/
P062,Cucina e tavola,Accessori cucina,Contenitori porta merenda,,casa,,non indicato,pezzo,1,,,,tutto l'anno,1,https://web.facebook.com/reel/2832502387129212/
P063,Bagno,Accappatoi bimbi,Accappatoio bimbo/a in microfibra,,bimbi,"€ 5,99",esatto,pezzo,1,,,,tutto l'anno,1,https://web.facebook.com/reel/1778142676650411/
P064,Bagno,Accappatoi,Tris doccia,,casa,"€ 3,50",esatto,set,3,,,,tutto l'anno,1,https://web.facebook.com/reel/1778142676650411/
P065,Calze e calzini,Calzini,"Calzini bimbo/a in filo di Scozia, Made in Italy (3 paia)",,bimbi,"€ 4,50",esatto,set,3,,,,tutto l'anno,1,https://web.facebook.com/reel/1586652443252377/
P066,Sport e tute,Reggiseni sportivi,Reggiseni sportivi taglio laser,,donna,,non indicato,pezzo,1,,taglie normali e calibrate,vari colori,tutto l'anno,1,https://web.facebook.com/reel/1071558132009396/
P067,Biancheria letto,Trapunte,Trapunta matrimoniale Francy Home con 2 federe,Francy Home,casa,"€ 49,99",esatto,pezzo,1,,,vari colori,inverno,1,https://web.facebook.com/reel/3593881324103786/
P068,Neonato,Accessori,Quadrati di garza,,neonato,,non indicato,pezzo,1,,,vari colori,tutto l'anno,1,https://web.facebook.com/reel/3264250897108731/
P069,Scuola,Divise,"Divise scolastiche (t-shirt, maglie, felpe, pantaloni, tute blu) con logo scuola",,bimbi,,non indicato,pezzo,1,,,blu,tutto l'anno,1,https://web.facebook.com/reel/1067540615683594/
P070,Abbigliamento donna,Pantaloni,Pantaloni donna in ecopelle con elastico,,donna,"€ 9,99",esatto,pezzo,1,,S/M-M/L-L/XL,"nero, marrone",tutto l'anno,1,https://web.facebook.com/reel/1782715659434933/
P071,Intimo donna,Sottogiacca,Maglie sottogiacca in pizzo con coppe interne,,donna,"€ 7,50",da,pezzo,1,,S/M-L/XL,vari colori,tutto l'anno,1,https://web.facebook.com/reel/1030851339788727/
P072,Abbigliamento donna,Pantaloni,Pantaloni tuta donna ballon,,donna,,non indicato,pezzo,1,,,vari colori,tutto l'anno,1,https://web.facebook.com/reel/4530085893937861/
P073,Sport e tute,Tute,"Tute uomo e donna Sergio Tacchini, Charro, Pierre Cardin","Pierre Cardin, Sergio Tacchini, Charro",uomo e donna,"€ 14,99",esatto,pezzo,1,,,,tutto l'anno,1,https://web.facebook.com/reel/4185962081548614/
P074,Sport e tute,Completi fitness,Completi fitness donna,,donna,"€ 9,99",da,set,1,,,,tutto l'anno,2,https://web.facebook.com/reel/1074645451986169/
P075,Sport e tute,Tute,Completi tuta in tanti modelli,,uomo e donna,,non indicato,set,1,,,,tutto l'anno,1,https://web.facebook.com/reel/1074645451986169/
P076,Pigiami e notte,Camicie da notte,Camicia da notte e vestaglia abbinata,,donna,,non indicato,set,1,,,,tutto l'anno,2,https://web.facebook.com/reel/1448490204001992/
P077,Pigiami e notte,Pigiami,Completo pigiama spalla stretta con pantalone lungo e vestaglia,,donna,,non indicato,set,1,,,,tutto l'anno,1,https://web.facebook.com/reel/1448490204001992/
P078,Mare e costumi,Teli mare,Telo mare in microfibra con elastici,,uomo e donna,"€ 3,99",esatto,pezzo,1,,,,estate,1,https://web.facebook.com/reel/1087662940585279/
P079,Casa e arredo,Cuscini,Cuscini Vesto per sedie (6 pezzi),,casa,"€ 9,99",esatto,set,6,,,,tutto l'anno,1,https://web.facebook.com/reel/903247546184547/
P080,Abbigliamento donna,Abitini,Abitini spalla larga e bretellina,,donna,"€ 4,99",esatto,pezzo,1,,,vari colori,estate,1,https://web.facebook.com/reel/1593452089072246/
P081,Biancheria letto,Guanciali,Guanciali,,casa,"€ 2,99",da,pezzo,1,,,,inverno,1,https://web.facebook.com/reel/1487525326473848/
P082,Casa e arredo,Cuscini,Cuscini con elastico per sedie (6 pezzi),,casa,"€ 9,99",esatto,set,6,,,vari colori,tutto l'anno,1,https://web.facebook.com/reel/2613621959144718/
P083,Casa e arredo,Plastica a metraggio,Plastica a metraggio,,casa,"€ 1,99",da,metro,1,,,,tutto l'anno,1,https://web.facebook.com/reel/2140394823489136/
P084,Bagno,Asciugamani,Coppie asciugamani 1+1 Linea Hunt,Hunt,casa,"€ 1,99",esatto,set,2,,,vari colori,tutto l'anno,1,https://web.facebook.com/reel/1033790822392923/
P085,Biancheria letto,Trapunte,Trapunte Laura Blasi (modelli Imperiale e Bloom),Laura Blasi,casa,,non indicato,pezzo,1,,,,inverno,2,https://web.facebook.com/reel/1659292685173019/
P086,Bagno,Lavette,Lavette (12 pezzi),,casa,"€ 3,50",esatto,set,12,,,,tutto l'anno,3,https://web.facebook.com/reel/1669254291036966/
P087,Bagno,Lavette,Lavette con confezione in legno (4 pezzi),,casa,"€ 2,99",esatto,set,4,,,,tutto l'anno,1,https://web.facebook.com/reel/1669254291036966/
P088,Bagno,Lavette,Lavette con cestino intrecciato (4 pezzi),,casa,"€ 3,50",esatto,set,4,,,,tutto l'anno,1,https://web.facebook.com/reel/1669254291036966/
P089,Bagno,Tris bagno,"Tris bagno: telo, viso e ospite",,casa,"€ 4,99",esatto,set,3,,,,tutto l'anno,1,https://web.facebook.com/reel/1682919116137796/
P090,Cucina e tavola,Tovaglie,"Tovaglia Campagnola in PVC, 6 posti",,casa,"€ 2,99",esatto,pezzo,1,,,"blu, verde, rosso, giallo",tutto l'anno,1,https://web.facebook.com/reel/2345524412928610/
P091,Cucina e tavola,Tovaglie,"Tovaglia Campagnola in PVC, 12 posti",,casa,"€ 3,99",esatto,pezzo,1,,,"blu, verde, rosso, giallo",tutto l'anno,1,https://web.facebook.com/reel/2345524412928610/
P092,Mare e costumi,Teli mare,Telo mare in cotone con borsa,,uomo e donna,"€ 2,99",esatto,pezzo,1,,,vari colori,estate,1,https://web.facebook.com/reel/849251851454838/
P093,Abbigliamento donna,Abitini,Abitini in lino con spallina stretta,,donna,"€ 7,50",esatto,pezzo,1,,taglia unica,,estate,1,https://web.facebook.com/reel/4436018716714662/
P094,Abbigliamento uomo,Completini,Completino uomo Kappa,Kappa,uomo,"€ 7,50",esatto,pezzo,1,,dalla M alla 2XL,,tutto l'anno,1,https://web.facebook.com/reel/2259727661537534/
P095,Mare e costumi,Teli mare,Telo mare Lonsdale in spugna 90x170 cm,Lonsdale,uomo e donna,"€ 6,90",esatto,pezzo,1,,,vari colori,estate,1,https://web.facebook.com/reel/887728940629211/
P096,Pigiami e notte,Pigiami,Pigiama donna modal spallina stretta con pantaloncino (calibrate),,donna,"€ 7,50",esatto,pezzo,1,,dalla 50 alla 60,,estate,1,https://web.facebook.com/reel/1569661398137301/
P097,Biancheria letto,Trapunte,"Trapunta matrimoniale in velluto con balze, runner e 2 cuscini arredo",,casa,"€ 39,90",esatto,pezzo,1,,,"grigio chiaro, grigio scuro, panna, rosa",inverno,1,https://web.facebook.com/reel/1871737407140167/
P098,Bagno,Tappeti bagno,Tappeti bagno singoli e tris,,casa,,non indicato,pezzo,1,,,,tutto l'anno,1,https://web.facebook.com/reel/1423080846635197/
P099,Casa e arredo,Cuscini,Vestisedia elasticizzati con volà (6 pezzi),,casa,"€ 10,00",esatto,set,6,,,"grigio chiaro, grigio scuro, beige, tortora",tutto l'anno,2,https://web.facebook.com/reel/2499121500594419/
P100,Cucina e tavola,Tovaglie,"Completo vestisedia + copritavolo con voilà, 6 posti",,casa,"€ 24,99",esatto,set,1,,,,tutto l'anno,1,https://web.facebook.com/reel/1358034849057786/
P101,Mare e costumi,Teli mare,Telo mare in microfibra con borsetta,,uomo e donna,"€ 3,00",esatto,pezzo,1,,,,estate,1,https://web.facebook.com/reel/2918225878538709/
P102,Biancheria letto,Completi letto,Completo letto matrimoniale,,casa,"€ 9,99",esatto,set,1,,,vari colori,tutto l'anno,1,https://web.facebook.com/reel/1755686912288097/
P103,Abbigliamento donna,Abitini,"Vestitini, copricostumi e coordinati donna",,donna,,non indicato,pezzo,1,,,,estate,1,https://web.facebook.com/reel/4379789202286696/
P104,Pigiami e notte,Pigiami,Pigiama donna Karelpiù,Karelpiù,donna,"€ 5,99",esatto,pezzo,1,,,,tutto l'anno,1,https://web.facebook.com/reel/2193780021414807/
P105,Pigiami e notte,Pigiami,Pigiami uomo e donna Oro Nero ed Exclusive,,uomo e donna,"€ 5,00",esatto,pezzo,1,,,,tutto l'anno,1,https://web.facebook.com/reel/1517865992894355/
P106,Mare e costumi,Teli mare,Borsa + telo in microfibra,,uomo e donna,"€ 2,99",esatto,set,1,,,,estate,1,https://web.facebook.com/reel/892773436713773/
P107,Casa e arredo,Lampade,Lampada per zanzare con LED,,casa,"€ 4,99",esatto,pezzo,1,,,"nero, bianco",estate,1,https://web.facebook.com/reel/2030023587610527/
P108,Abbigliamento donna,Vestiti,Vestiti donna calibrati,,donna,"€ 4,99",esatto,pezzo,1,,,vari colori,tutto l'anno,2,https://web.facebook.com/reel/2016624272343072/
P109,Pigiami e notte,Pigiami,Pigiama donna bretellina/pantaloncino o spalla larga/pantaloncino,,donna,"€ 4,99",da,pezzo,1,,,,estate,1,https://web.facebook.com/reel/886514367377521/
P110,Casa e arredo,Accessori casa,"Portacialde in legno effetto marmo 31,5x30x10 cm",,casa,"€ 9,99",esatto,pezzo,1,,,,tutto l'anno,1,https://web.facebook.com/reel/857851667179719/
P111,Bagno,Teli doccia,Teli doccia in nido d'ape,,casa,,non indicato,pezzo,1,,,,tutto l'anno,1,https://web.facebook.com/reel/1195324512750193/
P112,Mare e costumi,Teli mare,Telo mare con ventilatore in omaggio,,uomo e donna,"€ 4,99",esatto,pezzo,1,,,,estate,1,https://web.facebook.com/reel/1560334362344654/
P113,Cucina e tavola,Tovaglie,"Tovaglia in canapa Marta Marzotto, fantasie digitali",Marta Marzotto,casa,,non indicato,pezzo,1,,,,tutto l'anno,1,https://web.facebook.com/reel/1512543030122173/
P114,Casa e arredo,Tappeti,Tappeto magico maxi,,casa,"€ 2,99",esatto,pezzo,1,,,vari colori,tutto l'anno,1,https://web.facebook.com/reel/4457673131184699/
P115,Intimo uomo,Slip,Slip uomo,,uomo,,non indicato,pezzo,1,,,,tutto l'anno,1,https://web.facebook.com/reel/2002481680473861/
P116,Bagno,Asciugamani,"Asciugamani Sommaruga con voilà, 3 viso + 3 ospiti",Sommaruga,casa,"€ 9,99",esatto,set,6,,,,tutto l'anno,1,https://web.facebook.com/reel/2629015154159735/
P117,Mare e costumi,Borse mare,Borse Irge con telo mare (3 pezzi),Irge,uomo e donna,"€ 9,99",esatto,set,3,,,,estate,1,https://web.facebook.com/reel/1378423200828868/
P118,Mare e costumi,Costumi uomo,Costumi uomo,,uomo,,non indicato,pezzo,1,,,,estate,1,https://web.facebook.com/reel/1364165055661905/
P119,Abbigliamento donna,Abitini,Vestitini donna,,donna,"€ 4,99",esatto,pezzo,1,,,,estate,2,https://web.facebook.com/reel/1009650341976934/
P120,Mare e costumi,Costumi uomo,Costumi uomo 4Giveness,4Giveness,uomo,"€ 19,99",esatto,pezzo,1,"prezzo precedente 57,00 €",dalla S alla 2XL,,estate,1,https://web.facebook.com/reel/1009132948659038/
P121,Abbigliamento uomo,Polo,Polo uomo in cotone calibrate,,uomo,"€ 7,50",esatto,pezzo,1,,dalla XL alla 5XL,,tutto l'anno,1,https://web.facebook.com/reel/1554970192960417/
P122,Abbigliamento donna,Camici,"Camici per casa Linea Preziosa, con bottoni o zip",Preziosa,donna,"€ 3,50",esatto,pezzo,1,,,,tutto l'anno,1,https://web.facebook.com/reel/1348735390051267/
P123,Intimo donna,Slip,Slip donna in pizzo con reggicalze,,donna,"€ 0,99",esatto,pezzo,1,,S/M-L/XL,,tutto l'anno,1,https://web.facebook.com/reel/1043983244738470/
P124,Mare e costumi,Costumi uomo,Costumi uomo pantaloncino e slip,,uomo,"€ 9,99",esatto,pezzo,1,,dalla S alla XXL,,estate,1,https://web.facebook.com/reel/965215799876639/
P125,Mare e costumi,Costumi uomo,Costumi uomo taglie forti (3XL-5XL),,uomo,"€ 11,90",esatto,pezzo,1,,dalla 3XL alla 5XL,,estate,1,https://web.facebook.com/reel/965215799876639/
P126,Pigiami e notte,Pigiami,"Pigiama uomo Enrico Coveri aperto avanti, puro cotone",Enrico Coveri,uomo,"€ 9,99",esatto,pezzo,1,,dalla M alla XXL,,tutto l'anno,1,https://web.facebook.com/reel/1922299931763559/
P127,Mare e costumi,Teli mare,Teli mare in microfibra,,uomo e donna,"€ 1,99",esatto,pezzo,1,,,,estate,1,https://web.facebook.com/reel/1315011977490922/
P128,Abbigliamento donna,Copricostumi,Abitini copricostume donna,,donna,"€ 4,50",da,pezzo,1,,,,estate,3,https://web.facebook.com/reel/1384437590214318/
P129,Intimo donna,Reggiseni,Reggiseno scollato davanti e dietro,,donna,"€ 4,50",esatto,pezzo,1,,dalla M alla XL,,tutto l'anno,1,https://web.facebook.com/reel/1058205406670596/
P130,Abbigliamento donna,Completi,"Completo donna canotta + pantaloncino, tessuto fresco",,donna,"€ 7,50",esatto,set,1,,M/L-XL/XXL,,estate,1,https://web.facebook.com/reel/1536255410789527/
P131,Bagno,Tappeti bagno,Tappeto bagno 50x80 cm,,casa,"€ 2,99",esatto,pezzo,1,,,vari colori,tutto l'anno,1,https://web.facebook.com/reel/872458855485606/
P132,Pigiami e notte,Pigiami,"Pigiami uomo e donna in 100% cotone, artigianali italiani",,uomo e donna,,non indicato,pezzo,1,,,,tutto l'anno,1,https://web.facebook.com/reel/2528535684237215/
P133,Casa e arredo,Zerbini,Zerbini gommati 40x70 cm,,casa,"€ 2,99",da,pezzo,1,,,vari colori,tutto l'anno,1,https://web.facebook.com/reel/1748226882975917/
P134,Mare e costumi,Costumi uomo,Bikini SSC Napoli,SSC Napoli,uomo e donna,,non indicato,pezzo,1,,,,estate,1,https://web.facebook.com/reel/932312423202299/
P135,Abbigliamento uomo,Pantaloni,Pantaloni in lino uomo,,uomo,"€ 10,00",esatto,pezzo,1,,,,estate,1,https://web.facebook.com/reel/1033656462524695/
P136,Mare e costumi,Teli mare,Teli pareo,,donna,"€ 2,99",esatto,pezzo,1,,,vari colori,estate,3,https://web.facebook.com/reel/1029198230042300/
P137,Mare e costumi,Borse mare,Borsa mare abbinata al pareo,,donna,"€ 6,99",esatto,pezzo,1,,,vari colori,estate,1,https://web.facebook.com/reel/1029198230042300/
P138,Casa e arredo,Runner,Runner con volant in velluto con 2 federe e 2 fiocchi,,casa,"€ 9,99",esatto,set,1,,,vari colori,inverno,1,https://web.facebook.com/reel/1059327803193558/
P139,Cucina e tavola,Servizi piatti,Servizio piatti: 6 piani + 6 fondi,,casa,"€ 11,90",esatto,set,12,,,vari colori,tutto l'anno,1,https://web.facebook.com/reel/1604372164632709/
P140,Abbigliamento donna,Pantaloncini,Pantaloncini donna,,donna,"€ 2,99",esatto,pezzo,1,,,,estate,1,https://web.facebook.com/reel/1050575194207994/
P141,Intimo donna,Slip,Slip e brasiliane donna,,donna,"€ 0,99",esatto,pezzo,1,,S/M-L/XL-XL/XXL,,tutto l'anno,1,https://web.facebook.com/reel/1374422551205909/
P142,Intimo uomo,Slip e boxer,Slip o boxer DS2 (3 pezzi),DS2,uomo,"€ 9,99",esatto,set,3,,,,tutto l'anno,1,https://web.facebook.com/reel/866902336493398/
P143,Intimo donna,Reggiseni,Reggiseno con adesivi laterali,,donna,,non indicato,pezzo,1,,,,tutto l'anno,1,https://web.facebook.com/reel/947990771629706/
P144,Intimo donna,Reggiseni,Reggiseni aperti avanti,,donna,,non indicato,pezzo,1,,,vari colori,tutto l'anno,1,https://web.facebook.com/reel/1048893761156694/
P145,Abbigliamento donna,Abitini,Abitini donna in cotone,,donna,"€ 4,99",esatto,pezzo,1,,,vari colori,estate,1,https://web.facebook.com/reel/1524503648597649/
P146,Abbigliamento donna,Canotte,Canotte donna,,donna,"€ 2,99",esatto,pezzo,1,,,,estate,1,https://web.facebook.com/reel/2895762494109762/
P147,Abbigliamento donna,Canotte,Canotte donna taglie forti 2XL/3XL (3 pezzi),,donna,"€ 9,99",esatto,set,3,,,,estate,1,https://web.facebook.com/reel/2895762494109762/
P148,Abbigliamento donna,Abiti,Abito lungo donna con balze,,donna,"€ 19,90",esatto,pezzo,1,,,vari colori,tutto l'anno,1,https://web.facebook.com/reel/900265029762348/
P149,Abbigliamento uomo,Pantaloncini,Pantaloncini uomo 100% cotone,,uomo,"€ 4,99",esatto,pezzo,1,,,,estate,2,https://web.facebook.com/reel/2489277804851902/
P150,Mare e costumi,Teli mare,Telo mare in microfibra Pierre Cardin,Pierre Cardin,uomo e donna,"€ 2,99",esatto,pezzo,1,,,vari colori,estate,1,https://web.facebook.com/reel/1322529006133264/
P151,Biancheria letto,Lenzuola,"Lenzuola Marta Marzotto, nuovo modello",Marta Marzotto,casa,,non indicato,set,1,,,,tutto l'anno,1,https://web.facebook.com/reel/1289961616553652/
P152,Abbigliamento donna,Canotte,Canotte a costina donna,,donna,"€ 3,50",esatto,pezzo,1,,dalla S alla 3XL,,estate,1,https://web.facebook.com/reel/1027674589735353/
P153,Abbigliamento donna,Pantaloncini,Pantaloncini donna fantasia (dalla M alla 4XL),,donna,"€ 3,99",esatto,pezzo,1,,,,estate,1,https://web.facebook.com/reel/4620461374946017/
P154,Abbigliamento donna,Completi,Completo donna canotta + pantaloncino 100% cotone,,donna,"€ 6,90",esatto,set,1,,dalla S alla XL,,estate,1,https://web.facebook.com/reel/3789570901185642/
P155,Abbigliamento uomo,T-shirt,T-shirt uomo 100% cotone,,uomo,"€ 6,90",esatto,pezzo,1,,dalla M alla 3XL,vari colori,tutto l'anno,1,https://web.facebook.com/reel/2284086729069842/
P156,Abbigliamento bimbi,Abitini,Abitini bimba in cotone,,bimbi,"€ 4,99",esatto,pezzo,1,,da 4 anni a 14 anni,,estate,1,https://web.facebook.com/reel/1894718987872439/
P157,Mare e costumi,Costumi uomo,Costumi uomo Calvin Klein,Calvin Klein,uomo,"€ 49,99",esatto,pezzo,1,,,"grigio perla, blu elettrico, corallo",estate,1,https://web.facebook.com/reel/1072577498427412/
P158,Neonato,Accappatoi neonato,Triangolo accappatoio neonato con 6 lavette in spugna,,neonato,"€ 4,99",esatto,set,1,,,"beige, rosa, azzurro",tutto l'anno,1,https://web.facebook.com/reel/1434249285416545/
P159,Intimo uomo,Slip,"Slip uomo firmati (Calvin Klein, Nike, Emporio Armani, Dsquared)","Calvin Klein, Nike, Emporio Armani, Dsquared",uomo,,non indicato,pezzo,1,,,,tutto l'anno,1,https://web.facebook.com/reel/2086238275266201/
P160,Neonato,Accessori,Bavetti (3 pezzi) con cucchiaino in silicone,,neonato,"€ 9,99",esatto,set,1,,,,tutto l'anno,1,https://web.facebook.com/reel/1689022285649933/
P161,Bagno,Asciugamani,Coppie asciugamani 100% cotone (3 coppie),,casa,"€ 9,99",esatto,set,3,,,,tutto l'anno,1,https://web.facebook.com/reel/1371041368352543/
P162,Pigiami e notte,Pigiami,Pigiama uomo,,uomo,,non indicato,pezzo,1,,,,tutto l'anno,1,https://web.facebook.com/reel/4772916732941633/
P163,Intimo donna,Completi intimi,Completini intimi donna,,donna,,non indicato,set,1,,,,tutto l'anno,1,https://web.facebook.com/reel/2163873611065478/
P164,Intimo donna,Body,Body e canotte intime,,donna,,non indicato,pezzo,1,,,vari colori,estate,1,https://web.facebook.com/reel/1469975351600315/
P165,Mare e costumi,Teli mare,Teli Veryeasy,Veryeasy,uomo e donna,"€ 2,99",esatto,pezzo,1,,,,estate,1,https://web.facebook.com/reel/36240395002272822/
P166,Biancheria letto,Completi letto,"Completi letto Disney 100% cotone, vari personaggi",,bimbi,,non indicato,set,1,,,,tutto l'anno,1,https://web.facebook.com/reel/1282165850364592/
P167,Biancheria letto,Completi letto,Completo letto 4 federe con copriletto abbinato Marta Marzotto,Marta Marzotto,casa,,non indicato,set,1,,,,tutto l'anno,1,https://web.facebook.com/reel/2459336644583782/
P168,Abbigliamento bimbi,Intimo bimba,Slip bimba color carne Jadea,Jadea,bimbi,"€ 2,30",esatto,pezzo,1,,,,tutto l'anno,1,https://web.facebook.com/reel/1301484798772537/
P169,Abbigliamento bimbi,Intimo bimba,Brassiere e coulotte bimba in cotone,,bimbi,,non indicato,set,1,,da 3/4 anni a 13/14 anni,,tutto l'anno,1,https://web.facebook.com/reel/1301484798772537/
P170,Intimo donna,Canotte,Canotte a costina con coppe estraibili,,donna,"€ 3,90",esatto,pezzo,1,,,vari colori,estate,1,https://web.facebook.com/reel/1944546866239963/
P171,Abbigliamento donna,T-shirt,T-shirt donna scollo V in cotone,,donna,"€ 4,99",esatto,pezzo,1,,,,tutto l'anno,1,https://web.facebook.com/reel/1944546866239963/
P172,Calzature,Ciabatte,Ciabatte uomo e donna Pierre Cardin,Pierre Cardin,uomo e donna,"€ 9,99",esatto,paio,1,,,,tutto l'anno,1,https://web.facebook.com/reel/1013130874535492/
P173,Mare e costumi,Teli mare,Teli mare in cotone e microspugna,,uomo e donna,"€ 3,99",esatto,pezzo,1,,,,estate,2,https://web.facebook.com/reel/1244011574311260/
P174,Mare e costumi,Teli mare,Teli in spugna Lonsdale,Lonsdale,uomo e donna,"€ 6,99",esatto,pezzo,1,,,,estate,1,https://web.facebook.com/reel/1244011574311260/
P175,Mare e costumi,Teli mare,Teli mare con borsetta (3 pezzi),,uomo e donna,"€ 9,99",esatto,set,3,,,,estate,1,https://web.facebook.com/reel/1244011574311260/
P176,Abbigliamento donna,Top,Top donna con elastico esterno,,donna,"€ 3,90",esatto,pezzo,1,,S/M; 2XL/3XL,,tutto l'anno,1,https://web.facebook.com/reel/1315990246723612/
P177,Mare e costumi,Teli mare,"Telo mare con elastico, tasche laterali e cuscino gonfiabile",,uomo e donna,"€ 3,99",esatto,pezzo,1,"3 teli 9,99 €",,,estate,1,https://web.facebook.com/reel/1514938726737794/
P178,Casa e arredo,Zerbini,Zerbini gommati 60x40 cm,,casa,"€ 2,50",esatto,pezzo,1,,,vari colori,tutto l'anno,1,https://web.facebook.com/reel/1510692877210321/
P179,Biancheria letto,Copriletti,Copriletti digitali Laura Blasi,Laura Blasi,casa,"€ 9,99",esatto,pezzo,1,,,,tutto l'anno,1,https://web.facebook.com/reel/1903154750202129/
P180,Biancheria letto,Completi letto,Completo letto matrimoniale a fantasia con voilà,,casa,"€ 9,99",esatto,set,1,,,,tutto l'anno,1,https://web.facebook.com/reel/1903154750202129/
P181,Pigiami e notte,Pigiami,Pigiama uomo 3 pezzi Makó aperto avanti (apertura anche sul pantalone),Makó,uomo,,non indicato,set,3,,dalla 48 alla 60,,tutto l'anno,1,https://web.facebook.com/reel/1003281762244589/
P182,Biancheria letto,Copriletti,"Copriletti, vari colori e fantasie",,casa,,non indicato,pezzo,1,,,vari colori,tutto l'anno,1,https://web.facebook.com/reel/1554500592919158/
P183,Neonato,Tutine e coperte,"Pagliaccetti, bavetti e lenzuola neonato",,neonato,,non indicato,pezzo,1,,,,inverno,1,https://web.facebook.com/reel/26739959832371955/
P184,Pigiami e notte,Pigiami,Pigiami donna Andra Lingerie in puro cotone,Andra Lingerie,donna,,non indicato,pezzo,1,,,,tutto l'anno,1,https://web.facebook.com/reel/1706846697135741/
P185,Abbigliamento donna,Pantaloncini,Pantaloncini donna con merletto,,donna,"€ 3,99",esatto,pezzo,1,,,"nero, beige, verde, sabbia",estate,1,https://web.facebook.com/reel/1331704959063730/
P186,Pigiami e notte,Pigiami,Pigiama mezza manica aperto avanti,,donna,"€ 9,99",esatto,pezzo,1,,,,tutto l'anno,1,https://web.facebook.com/reel/1960331684602163/
P187,Pigiami e notte,Pigiami,Pigiama donna spalla larga,,donna,"€ 6,90",esatto,pezzo,1,,,,tutto l'anno,1,https://web.facebook.com/reel/1960331684602163/
P188,Cucina e tavola,Tovaglie,Tovaglia Preziosa x6 e x12,Preziosa,casa,"€ 1,99",da,pezzo,1,,,,tutto l'anno,1,https://web.facebook.com/reel/1019606460515545/
P189,Mare e costumi,Teli mare,Teli mare (3 pezzi),,uomo e donna,"€ 9,99",esatto,set,3,,,,estate,1,https://web.facebook.com/reel/802426432803985/
P190,Biancheria letto,Lenzuola,Lenzuola matrimoniali con volant,,casa,"€ 9,99",esatto,set,1,,,vari colori,tutto l'anno,1,https://web.facebook.com/reel/1636873050953057/
P191,Abbigliamento donna,Canotte,Canotta donna a costina,,donna,"€ 2,99",esatto,pezzo,1,,,,estate,1,https://web.facebook.com/reel/1024640999915784/
P192,Abbigliamento donna,Canotte,Canotta crop a costina,,donna,"€ 2,99",esatto,pezzo,1,,,,estate,1,https://web.facebook.com/reel/1024640999915784/
P193,Abbigliamento donna,Canotte,Canotta donna in microfibra con bretellina,,donna,"€ 2,50",esatto,pezzo,1,,,,estate,1,https://web.facebook.com/reel/1024640999915784/
P194,Intimo uomo,Maglie intime,"Maglie intime Mabrat, girocollo e scollo V",Mabrat,uomo,,non indicato,pezzo,1,,,,tutto l'anno,1,https://web.facebook.com/reel/991216536643416/
P195,Abbigliamento uomo,Completini,Completini uomo in 100% cotone,,uomo,"€ 4,99",esatto,pezzo,1,,dalla M alla XXL,,tutto l'anno,1,https://web.facebook.com/reel/3459585764210563/
P196,Mare e costumi,Costumi donna,Costumi donna interi e due pezzi,,donna,,non indicato,pezzo,1,,,,estate,1,https://web.facebook.com/reel/967996849390737/
P197,Abbigliamento donna,Pantaloncini,Pantaloncini donna fantasia e tinta unita,,donna,"€ 2,99",da,pezzo,1,,,,estate,1,https://web.facebook.com/reel/814448034871977/
P198,Biancheria letto,Coprimaterasso,"Coprimaterasso Marta Marzotto (singolo, matrimoniale, 1 posto e mezzo)",Marta Marzotto,casa,,non indicato,pezzo,1,,,,tutto l'anno,1,https://web.facebook.com/reel/1319099223708708/
P199,Biancheria letto,Completi letto,"Completi letto, vari modelli e fantasie",,casa,,non indicato,set,1,,,,tutto l'anno,1,https://web.facebook.com/reel/971251528849504/
P200,Bagno,Asciugamani,Asciugamani viso e ospite linea blu 100% cotone,,casa,,non indicato,set,1,,,blu,tutto l'anno,1,https://web.facebook.com/reel/2423627831489207/
P201,Biancheria letto,Copriletti,Copriletti matrimoniali Laura Blasi 100% cotone,Laura Blasi,casa,"€ 15,90",esatto,pezzo,1,,,vari colori,tutto l'anno,1,https://web.facebook.com/reel/1490078302854038/
P202,Abbigliamento donna,Completi,Completo donna gessato con pantaloncino e maglietta,,donna,"€ 8,90",esatto,set,1,,dalla S alla XXL,vari colori,estate,1,https://web.facebook.com/reel/862579486273229/
P203,Abbigliamento bimbi,Intimo bimbo,Slip Navigare bimbo (3 pezzi),Navigare,bimbi,"€ 4,99",esatto,set,3,,da 3/4 anni a 9/10 anni,,tutto l'anno,1,https://web.facebook.com/reel/26985308947765512/
P204,Abbigliamento bimbi,Intimo bimbo,Boxer Navigare bimbo (3 pezzi),Navigare,bimbi,"€ 4,99",esatto,set,3,,da 3/4 anni a 9/10 anni,,tutto l'anno,1,https://web.facebook.com/reel/26985308947765512/
P205,Intimo uomo,Slip e boxer,"Slip e boxer Bikkembergs, linea colori fluo",Bikkembergs,uomo,,non indicato,pezzo,1,,,,tutto l'anno,1,https://web.facebook.com/reel/2240964733309837/
P206,Calzature,Pantofole,Pantofole uomo e donna dal 36 al 46,,uomo e donna,"€ 4,99",esatto,paio,1,,dal 36 al 46,,tutto l'anno,1,https://web.facebook.com/reel/2240964733309837/
P207,Casa e arredo,Accessori casa,Set centrini Laura Blasi (3 pezzi),Laura Blasi,casa,"€ 9,99",esatto,set,3,,,,tutto l'anno,1,https://web.facebook.com/reel/1663309178213728/
P208,Casa e arredo,Lampade,Lampada da tavolo LED ricaricabile,,casa,"€ 3,00",esatto,pezzo,1,"2 lampade 5,00 €",,,tutto l'anno,1,https://web.facebook.com/reel/1027916259565527/
P209,Calze e calzini,Calzini,Calzini uomo e donna (3 paia),,uomo e donna,"€ 2,99",da,set,3,,,vari colori,tutto l'anno,1,https://web.facebook.com/reel/1395313022636678/
P210,Calze e calzini,Calzini,Pedalini in cotone uomo e donna (3 paia),,uomo e donna,"€ 2,50",esatto,set,3,,,"nero, bianco, nudo",tutto l'anno,1,https://web.facebook.com/reel/1788874519185472/
P211,Sport e tute,Tute,Tute Nazareno Gabrielli uomo e donna,Nazareno Gabrielli,uomo e donna,,non indicato,pezzo,1,,dalla S alla XXL,vari colori,tutto l'anno,1,https://web.facebook.com/reel/2731631527230361/
P212,Biancheria letto,Copriletti,Copriletti Renato Balestra,Renato Balestra,casa,,non indicato,pezzo,1,,,,tutto l'anno,1,https://web.facebook.com/reel/1353346660034304/
P213,Pigiami e notte,Pigiami,"Pigiama uomo 3 pezzi, aperto avanti o chiuso",,uomo,,non indicato,set,3,,dalla 48 alla 54,,tutto l'anno,1,https://web.facebook.com/reel/1326022476062367/
P214,Abbigliamento bimbi,Completini,Completini bimbo,,bimbi,"€ 4,99",esatto,pezzo,1,,,,tutto l'anno,1,https://web.facebook.com/reel/1470647780806972/
P215,Sport e tute,Maglie sportive,Maglie sportive,,uomo e donna,"€ 4,99",esatto,pezzo,1,,,,tutto l'anno,1,https://web.facebook.com/reel/4427805620808231/
P216,Abbigliamento uomo,T-shirt,Maglie Navigare girocollo,Navigare,uomo,,non indicato,pezzo,1,"se ne acquisti 2, la terza è in omaggio",dalla S alla XXL,"nero, bianco, blu",tutto l'anno,1,https://web.facebook.com/reel/993507339798006/
P217,Neonato,Accappatoi neonato,Triangolo accappatoio neonato/a,,neonato,"€ 4,99",esatto,pezzo,1,,,vari colori,tutto l'anno,1,https://web.facebook.com/reel/1342522861147649/
P218,Bagno,Completi bagno,"Completo bagno 8 pezzi (2 accappatoi, 2 viso, 2 ospiti, 2 manopole)",,casa,,non indicato,set,8,,,,tutto l'anno,1,https://web.facebook.com/reel/2105864749978905/
P219,Casa e arredo,Tappeti,Tappeto magico 40x70 cm,,casa,"€ 2,99",esatto,pezzo,1,,,vari colori,tutto l'anno,1,https://web.facebook.com/reel/1464668551408856/
P220,Biancheria letto,Completi letto,Completo letto matrimoniale Irge Capri e Napoli,Irge,casa,"€ 19,99",esatto,set,1,,,,tutto l'anno,1,https://web.facebook.com/reel/1274941598144317/
P221,Intimo donna,Reggiseni,Reggiseni senza ferretto con coppa preformata,,donna,"€ 2,99",esatto,pezzo,1,,dalla 1 alla 6,"nero, bianco, nudo",tutto l'anno,1,https://web.facebook.com/reel/1540128080836960/
P222,Biancheria letto,Copriletti,Copriletti matrimoniali misura piena,,casa,"€ 9,99",esatto,pezzo,1,,,,tutto l'anno,1,https://web.facebook.com/reel/2890149687991125/
P223,Pigiami e notte,Pigiami,Pigiami in tanti modelli e fantasie,,uomo e donna,,non indicato,pezzo,1,,,,tutto l'anno,1,https://web.facebook.com/reel/4249402615372521/
P224,Bagno,Asciugamani,Coppie asciugamani Pierre Cardin,Pierre Cardin,casa,"€ 4,99",esatto,set,2,,,vari colori,tutto l'anno,1,https://web.facebook.com/reel/1301105391473422/
P225,Mare e costumi,Teli mare,Telo mare in microfibra con borsa,,uomo e donna,"€ 4,99",esatto,set,1,,,,estate,1,https://web.facebook.com/reel/1020146573868952/
P226,Intimo uomo,Slip e boxer,Slip Bikkembergs,Bikkembergs,uomo,,non indicato,pezzo,1,,,,tutto l'anno,1,https://web.facebook.com/reel/2160071418178124/
P227,Pigiami e notte,Pigiami,Pigiami (3 pezzi),,uomo e donna,"€ 9,99",esatto,set,3,,,,tutto l'anno,1,https://web.facebook.com/reel/2111342583148281/
P228,Intimo donna,Reggiseni,Reggiseni Jadea Abbraccio,Jadea,donna,,non indicato,pezzo,1,,dalla 1 alla 5,"nero, bianco, nudo",tutto l'anno,1,https://web.facebook.com/reel/925210030565482/
P229,Abbigliamento donna,Pantaloni,Pantaloni donna dalla S alla 3XL,,donna,"€ 4,99",esatto,pezzo,1,,dalla S alla 3XL,,tutto l'anno,2,https://web.facebook.com/reel/1695597345128830/
P230,Abbigliamento donna,Completi,Completino donna maglia mezza manica + pantaloncino in cotone,,donna,"€ 9,99",esatto,set,1,,S/M-L/XL,,estate,1,https://web.facebook.com/reel/1296068552637620/
P231,Sport e tute,Reggiseni sportivi,Reggiseni sportivi in microfibra,,donna,"€ 4,99",esatto,pezzo,1,,dalla S alla XXL,"nero, bianco, nudo",tutto l'anno,1,https://web.facebook.com/reel/985773884408185/
P232,Biancheria letto,Copriletti,Copriletti matrimoniali tinta unita Irge,Irge,casa,"€ 9,99",esatto,pezzo,1,,,,tutto l'anno,1,https://web.facebook.com/reel/1295768935344750/
P233,Biancheria letto,Copriletti,Copriletto Irge con voilà,Irge,casa,"€ 14,99",esatto,pezzo,1,,,,tutto l'anno,1,https://web.facebook.com/reel/1295768935344750/
P234,Biancheria letto,Copriletti,Copriletto Preziosa con voilà,Preziosa,casa,"€ 14,99",esatto,pezzo,1,,,,tutto l'anno,1,https://web.facebook.com/reel/1295768935344750/
P235,Pigiami e notte,Pigiami,Pigiama donna aperto avanti,,donna,,non indicato,pezzo,1,,,vari colori,tutto l'anno,1,https://web.facebook.com/reel/988452883837819/
P236,Abbigliamento uomo,Canotte,Canotte uomo 100% cotone,,uomo,"€ 4,99",esatto,pezzo,1,,dalla M alla 3XL,,estate,1,https://web.facebook.com/reel/967774088996769/
P237,Casa e arredo,Portierini,Portierini balcone e finestra 60x150 e 60x240 cm,,casa,,non indicato,pezzo,1,,,,tutto l'anno,1,https://web.facebook.com/reel/4442624092619836/
P238,Pigiami e notte,Pigiami,"Pigiama donna spallina stretta, mezza manica e altri modelli",,donna,"€ 4,99",da,pezzo,1,,,,tutto l'anno,1,https://web.facebook.com/reel/992971216624431/
P239,Abbigliamento uomo,Polo,Polo uomo in cotone,,uomo,"€ 9,99",esatto,pezzo,1,,,,tutto l'anno,1,https://web.facebook.com/reel/2467951443651966/
P240,Abbigliamento uomo,Completi,Completo fuori acqua uomo Umbro,Umbro,uomo,"€ 9,99",esatto,set,1,,dalla M alla XXL,vari colori,tutto l'anno,1,https://web.facebook.com/reel/1551436736574355/
P241,Intimo uomo,Slip e boxer,Slip Bikkembergs (3 pezzi),Bikkembergs,uomo,"€ 14,99",esatto,set,3,,,,tutto l'anno,1,https://web.facebook.com/reel/2524780037940567/
P242,Intimo uomo,Slip e boxer,Slip (3 pezzi),,uomo,"€ 13,99",esatto,set,3,,,,tutto l'anno,1,https://web.facebook.com/reel/2524780037940567/
P243,Abbigliamento uomo,T-shirt,Maglie mezza manica uomo,,uomo,"€ 9,99",esatto,pezzo,1,,,,tutto l'anno,1,https://web.facebook.com/reel/2524780037940567/
P244,Mare e costumi,Teli mare,Telo mare,,uomo e donna,"€ 14,99",esatto,pezzo,1,,,,estate,1,https://web.facebook.com/reel/2524780037940567/
P245,Abbigliamento uomo,Pantaloni tuta,Pantaloni tuta uomo con elastico o senza,,uomo,"€ 4,99",esatto,pezzo,1,,dalla M alla 3XL,"nero, grigio, blu",tutto l'anno,1,https://web.facebook.com/reel/972605021920950/
P246,Mare e costumi,Teli mare,Teli mare 100% cotone con borsetta,,uomo e donna,"€ 3,99",esatto,pezzo,1,"3 teli 10,00 €",,,estate,1,https://web.facebook.com/reel/1502942247883435/
P247,Abbigliamento donna,Pantaloni,Pantaloni donna in lino e cotone,,donna,,non indicato,pezzo,1,,,,estate,1,https://web.facebook.com/reel/983364217970307/
P248,Pigiami e notte,Pigiami,Pigiami donna calibrati dalla 50 alla 60,,donna,"€ 4,99",da,pezzo,1,,dalla 50 alla 60,,tutto l'anno,1,https://web.facebook.com/reel/1359392216211023/
P249,Biancheria letto,Completi letto,Completo letto matrimoniale 4 federe Marta Marzotto,Marta Marzotto,casa,"€ 17,99",esatto,set,1,,,,tutto l'anno,1,https://web.facebook.com/reel/2500908800426847/
P250,Sport e tute,Tute,Tute uomo Umbro,Umbro,uomo,"€ 23,99",esatto,pezzo,1,,dalla M alla XXL,vari colori,tutto l'anno,1,https://web.facebook.com/reel/968243718922935/
P251,Intimo donna,Reggiseni,Reggiseni Jadea taglio laser,Jadea,donna,"€ 10,90",esatto,pezzo,1,,dalla 1 alla 4,,tutto l'anno,1,https://web.facebook.com/reel/2046100506282695/
P252,Pigiami e notte,Pigiami,Pigiama modal mezza manica e gamba lunga,,donna,"€ 9,99",esatto,pezzo,1,,,,tutto l'anno,1,https://web.facebook.com/reel/939836728956816/
P253,Pigiami e notte,Pigiami,Pigiama mezza manica e pinocchietto,,donna,"€ 6,90",da,pezzo,1,,,,tutto l'anno,1,https://web.facebook.com/reel/939836728956816/
P254,Casa e arredo,Accessori casa,Piantine artificiali per arredo,,casa,"€ 3,50",esatto,pezzo,1,,,,tutto l'anno,1,https://web.facebook.com/reel/945950661380622/
P255,Mare e costumi,Teli mare,Telo mare in microfibra con borsa e borraccia,,uomo e donna,"€ 4,99",esatto,set,1,,,,estate,1,https://web.facebook.com/reel/2342381439587892/
P256,Intimo uomo,Slip e boxer,Slip Bikkembergs prima linea,Bikkembergs,uomo,"€ 13,99",esatto,pezzo,1,,,,tutto l'anno,1,https://web.facebook.com/reel/1483815543416350/
P257,Abbigliamento donna,Top,Top donna con brillantini,,donna,"€ 6,99",esatto,pezzo,1,,,vari colori,tutto l'anno,1,https://web.facebook.com/reel/970013869009787/
P258,Intimo uomo,Sottogiacca,Sottogiacca uomo,,uomo,"€ 6,90",esatto,pezzo,1,,dalla M alla 2XL,vari colori,tutto l'anno,1,https://web.facebook.com/reel/1517682296416526/
P259,Intimo donna,Reggiseni,Reggiseno Jadea senza cuciture con coppe estraibili,Jadea,donna,"€ 10,90",esatto,pezzo,1,,dalla 1 alla 4,"nero, bianco, nudo",tutto l'anno,1,https://web.facebook.com/reel/1000417188975976/
P260,Biancheria letto,Lenzuola,Lenzuola digitali singole,,casa,,non indicato,set,1,,,,tutto l'anno,1,https://web.facebook.com/reel/2305467596646690/
P261,Calzature,Pantofole,Pantofole uomo e donna,,uomo e donna,"€ 2,99",da,paio,1,,,,tutto l'anno,1,https://web.facebook.com/reel/1586137499145449/
P262,Mare e costumi,Teli mare,Teli pizzo San Gallo con retro spugna e copricostume abbinati,San Gallo,donna,,non indicato,pezzo,1,,S/M-L/XL,"nero, bianco, vari colori",estate,1,https://web.facebook.com/reel/1623662355544022/
P263,Cucina e tavola,Coordinati cucina,"Coordinato cucina Marta Marzotto (cuscini, tovaglia x6/x12, tappeti)",Marta Marzotto,casa,,non indicato,set,1,,,,tutto l'anno,1,https://web.facebook.com/reel/1589180838855526/
P264,Biancheria letto,Lenzuola,Lenzuola singole Marta Marzotto 100% cotone,Marta Marzotto,casa,"€ 9,99",esatto,set,1,,,,tutto l'anno,1,https://web.facebook.com/reel/2486695471786328/
P265,Mare e costumi,Teli mare,Teli mare in pizzo San Gallo con retro spugna,San Gallo,donna,"€ 8,90",esatto,pezzo,1,,,,estate,1,https://web.facebook.com/reel/1637518307466732/
P266,Biancheria letto,Copriletti,Copriletti trapuntati Irge double-face,Irge,casa,"€ 9,99",esatto,pezzo,1,,,vari colori,inverno,1,https://web.facebook.com/reel/1325402769462922/
P267,Mare e costumi,Borse mare,Borsello mare + telo microfibra + costume uomo,,uomo,"€ 9,99",esatto,set,3,,,,estate,1,https://web.facebook.com/reel/1502517188247746/
P268,Intimo donna,Completi intimi,Completi intimi LoveandBra,LoveandBra,donna,"€ 9,99",esatto,set,1,,dalla 2 alla 5,,tutto l'anno,1,https://web.facebook.com/reel/878741738511171/
P269,Abbigliamento donna,Completi,Completini estivi uomo e donna,,uomo e donna,,non indicato,set,1,,,vari colori,tutto l'anno,1,https://web.facebook.com/reel/1302112581799595/
P270,Biancheria letto,Copriletti,Copriletti matrimoniali,,casa,"€ 5,99",esatto,pezzo,1,,,,tutto l'anno,1,https://web.facebook.com/reel/814119891244538/
P271,Biancheria letto,Copriletti,Copriletti singoli,,casa,"€ 3,99",esatto,pezzo,1,,,,tutto l'anno,1,https://web.facebook.com/reel/814119891244538/
P272,Abbigliamento uomo,Tifoseria SSC Napoli,Completi e intimo SSC Napoli,SSC Napoli,uomo,,non indicato,set,1,,,,tutto l'anno,1,https://web.facebook.com/reel/2462839054159453/
P273,Biancheria letto,Copriletti,Copriletto trapuntato matrimoniale con strass,,casa,"€ 9,99",esatto,pezzo,1,,,,inverno,1,https://web.facebook.com/reel/957359250023074/
P274,Abbigliamento donna,Canotte,Canotta donna in viscosa,,donna,"€ 4,99",esatto,pezzo,1,,,vari colori,estate,1,https://web.facebook.com/reel/2000784454125385/
P275,Bagno,Teli doccia,Teli doccia Pierre Cardin,Pierre Cardin,casa,"€ 8,90",esatto,pezzo,1,,,vari colori,tutto l'anno,1,https://web.facebook.com/reel/963918436573554/
P276,Intimo donna,Panciere,"Panciere (tutti i modelli, anche senza cuciture)",,donna,"€ 2,99",da,pezzo,1,,,,tutto l'anno,1,https://web.facebook.com/reel/924568966871702/
P277,Calze e calzini,Calze,"Collant, gambaletti e autoreggenti graduati 70 e 140 den",,donna,,non indicato,pezzo,1,,dalla 3 alla 5,,tutto l'anno,1,https://web.facebook.com/reel/738541519254688/
P278,Pigiami e notte,Pigiami,Pigiama donna linea Love,LoveandBra,donna,,non indicato,pezzo,1,,,,tutto l'anno,1,https://web.facebook.com/reel/1206707754666036/
P279,Mare e costumi,Borse mare,Borse mare con fantasie digitali,,uomo e donna,"€ 3,99",esatto,pezzo,1,"3 pezzi 9,99 €",,,estate,1,https://web.facebook.com/reel/2487194808471442/
P280,Calzature,Pantofole,Pantofole e infradito uomo SSC Napoli,SSC Napoli,uomo,"€ 9,99",esatto,paio,1,,dal 35 al 45,,estate,1,https://web.facebook.com/reel/1659801118999433/
P281,Intimo uomo,Slip e boxer,Slip e boxer uomo Calvin Klein con elastico esterno,Calvin Klein,uomo,,non indicato,pezzo,1,,,,tutto l'anno,1,https://web.facebook.com/reel/1468709581640713/
P282,Biancheria letto,Copriletti,Copriletti trapuntati Pierre Cardin,Pierre Cardin,casa,,non indicato,pezzo,1,,,,inverno,1,https://web.facebook.com/reel/961085843032382/
P283,Intimo donna,Maglie intime,Maglia intima mezza manica linea Chica,Chica,donna,"€ 4,99",esatto,pezzo,1,,,,tutto l'anno,1,https://web.facebook.com/reel/919597954171221/
P284,Intimo donna,Canotte,"Canotta intima linea Chica, spalla larga e stretta",Chica,donna,"€ 3,99",esatto,pezzo,1,,,,estate,1,https://web.facebook.com/reel/919597954171221/
P285,Intimo donna,Canotte,"Canotte Ilary in microfibra italiana, spalla larga e stretta",Ilary,donna,"€ 3,99",esatto,pezzo,1,,,,estate,1,https://web.facebook.com/reel/919597954171221/
P286,Intimo donna,Slip,Coulotte linea Chica,Chica,donna,"€ 2,99",esatto,pezzo,1,,,,tutto l'anno,1,https://web.facebook.com/reel/919597954171221/
P287,Biancheria letto,Copriletti,Copriletto trapuntato matrimoniale con borsa,,casa,"€ 9,99",esatto,pezzo,1,,,vari colori,inverno,1,https://web.facebook.com/reel/1615161446477842/
P288,Biancheria letto,Copriletti,Copriletto trapuntato matrimoniale con voilà in velluto,,casa,"€ 12,90",esatto,pezzo,1,,,,inverno,1,https://web.facebook.com/reel/1615161446477842/
P289,Sport e tute,Completi fitness,Completo top + leggings,,donna,"€ 9,99",esatto,set,1,,,,tutto l'anno,1,https://web.facebook.com/reel/940412158953545/
P290,Sport e tute,Completi fitness,Completo canotta + leggings,,donna,"€ 9,99",esatto,set,1,,,,estate,1,https://web.facebook.com/reel/940412158953545/
P291,Sport e tute,Completi fitness,Completo canotta a polo + leggings,,donna,"€ 12,90",esatto,set,1,,,,estate,1,https://web.facebook.com/reel/940412158953545/
P292,Calze e calzini,Calze,Calzini lunghi traforati e corti con volà (dal 19 al 38),,donna,,non indicato,paio,1,,dal 19 al 38,vari colori,tutto l'anno,1,https://web.facebook.com/reel/1508701914155812/
P293,Calze e calzini,Calze,Calze 20 den bianche (dalla 2 alla 6),,donna,,non indicato,paio,1,,dalla 2 alla 6,,tutto l'anno,1,https://web.facebook.com/reel/1508701914155812/