Title,URL handle,Description,Vendor,Product category,Type,Tags,Published on online store,Status,Option1 name,Option1 value,Option2 name,Option2 value,SKU,Price,Inventory tracker,Inventory quantity,Continue selling when out of stock,Requires shipping,SEO title,SEO description,Collection
Completo lenzuola matrimoniale in cotone,zz-prova-completo-lenzuola-matrimoniale,"Completo composto da lenzuolo sotto con angoli, lenzuolo sopra e due federe. Cotone 100%, lavabile in lavatrice a 60 gradi.",ZZ Prova,Home & Garden > Linens & Bedding > Bedding > Bed Sheets,Lenzuola,zz-prova,TRUE,active,Colore,Bianco,Misura,Matrimoniale,ZZ-LEN-BI-MAT,29.90,shopify,12,deny,TRUE,Completo lenzuola matrimoniale cotone 240x290,"Completo lenzuola matrimoniale in puro cotone: lenzuolo sotto con angoli, sopra e due federe.",ZZ Prova
,zz-prova-completo-lenzuola-matrimoniale,,,,,,,,,Bianco,,King,ZZ-LEN-BI-KIN,34.90,shopify,7,deny,TRUE,,,
,zz-prova-completo-lenzuola-matrimoniale,,,,,,,,,Azzurro,,Matrimoniale,ZZ-LEN-AZ-MAT,29.90,shopify,4,deny,TRUE,,,
Lenzuolo singolo in puro cotone,zz-prova-lenzuolo-singolo,"Lenzuolo sotto con angoli per letto singolo, misura 90x200. Cotone 100% pettinato.",ZZ Prova,Home & Garden > Linens & Bedding > Bedding > Bed Sheets,Lenzuola,zz-prova,TRUE,active,,,,,ZZ-LEN-SIN,12.50,shopify,20,deny,TRUE,Lenzuolo singolo cotone 90x200,Lenzuolo sotto con angoli per letto singolo in puro cotone pettinato.,ZZ Prova
Boxer uomo in cotone elasticizzato,zz-prova-boxer-uomo,"Confezione da tre boxer in cotone elasticizzato, vita bassa con elastico ricoperto.",ZZ Prova,Apparel & Accessories > Clothing > Underwear & Socks > Underwear,Intimo uomo,zz-prova,TRUE,active,Taglia,S,,,ZZ-BOX-S,15.90,shopify,9,deny,TRUE,Boxer uomo cotone elasticizzato confezione da 3,Confezione da tre boxer uomo in cotone elasticizzato. Disponibili dalla S alla XL.,ZZ Prova
,zz-prova-boxer-uomo,,,,,,,,,M,,,ZZ-BOX-M,15.90,shopify,14,deny,TRUE,,,
,zz-prova-boxer-uomo,,,,,,,,,L,,,ZZ-BOX-L,15.90,shopify,0,deny,TRUE,,,
,zz-prova-boxer-uomo,,,,,,,,,XL,,,ZZ-BOX-XL,15.90,shopify,6,deny,TRUE,,,
Shorts uomo in cotone,zz-prova-shorts-uomo-cotone,"Shorts in cotone leggero con tasche laterali e coulisse in vita. Vestibilita regolare.",ZZ Prova,Apparel & Accessories > Clothing > Shorts,Abbigliamento uomo,zz-prova,TRUE,active,Colore,Kaki,Taglia,46,ZZ-SHO-KA-46,24.90,shopify,5,deny,TRUE,Shorts uomo cotone kaki con tasche,Shorts uomo in cotone leggero con tasche laterali e coulisse. Kaki e blu.,ZZ Prova
,zz-prova-shorts-uomo-cotone,,,,,,,,,Kaki,,48,ZZ-SHO-KA-48,24.90,shopify,8,deny,TRUE,,,
,zz-prova-shorts-uomo-cotone,,,,,,,,,Blu,,46,ZZ-SHO-BL-46,24.90,shopify,3,deny,TRUE,,,
,zz-prova-shorts-uomo-cotone,,,,,,,,,Blu,,48,ZZ-SHO-BL-48,24.90,shopify,6,deny,TRUE,,,
Coppia di federe in cotone,zz-prova-coppia-federe,"Due federe 50x80 in cotone, chiusura a sacco. Tinta unita.",ZZ Prova,Home & Garden > Linens & Bedding > Bedding > Pillowcases & Shams,Lenzuola,zz-prova,TRUE,active,Colore,Panna,,,ZZ-FED-PA,9.90,shopify,0,deny,TRUE,Coppia federe cotone 50x80,Due federe 50x80 in cotone con chiusura a sacco.,ZZ Prova
,zz-prova-coppia-federe,,,,,,,,,Grigio,,,ZZ-FED-GR,9.90,shopify,0,deny,TRUE,,,
Copripiumino matrimoniale perche si sta piu al caldo,zz-prova-copripiumino-accenti,"Copripiumino in microfibra con angoli e bottoni. Perche d'inverno la qualita si sente: tessuto morbido, colori che non stingono.",ZZ Prova,Home & Garden > Linens & Bedding > Bedding > Duvet Covers,Lenzuola,zz-prova,TRUE,active,Colore,Blu polvere,Misura,Matrimoniale,ZZ-COP-BP-MAT,32.90,shopify,6,deny,TRUE,Copripiumino matrimoniale microfibra,Copripiumino matrimoniale in microfibra con angoli e bottoni.,ZZ Prova
,zz-prova-copripiumino-accenti,,,,,,,,,Verde salvia,,Matrimoniale,ZZ-COP-VS-MAT,32.90,shopify,2,deny,TRUE,,,
Completo copripiumino matrimoniale in cotone percalle con federe coordinate e sacco porta biancheria,zz-prova-titolo-lungo,"Completo copripiumino in cotone percalle, comprensivo di due federe coordinate e sacco porta biancheria in tessuto.",ZZ Prova,Home & Garden > Linens & Bedding > Bedding > Duvet Covers,Lenzuola,zz-prova,TRUE,active,Misura,Matrimoniale,,,ZZ-LUN-MAT,44.90,shopify,3,deny,TRUE,Completo copripiumino percalle con federe e sacco,Copripiumino matrimoniale in cotone percalle con federe coordinate e sacco porta biancheria.,ZZ Prova
Set di asciugamani viso e ospite,zz-prova-set-asciugamani,"Set composto da un asciugamano viso 55x100 e un ospite 40x60. Spugna di cotone 450 grammi.",ZZ Prova,Home & Garden > Linens & Bedding > Towels,Spugna,zz-prova,TRUE,active,Colore,Bianco,,,ZZ-ASC-BI,14.90,shopify,11,deny,TRUE,Set asciugamani viso e ospite spugna cotone,Set asciugamano viso 55x100 e ospite 40x60 in spugna di cotone 450 grammi.,ZZ Prova
,zz-prova-set-asciugamani,,,,,,,,,Tortora,,,ZZ-ASC-TO,14.90,shopify,8,deny,TRUE,,,
